{
"appId": "5bc5ee9c9816e4001331050b",
    "_app": {
        "appId": "5bc5ee9c9816e4001331050b",
        "caption": "Assembled Finished Goods",
        "image": "/img/ios-construct.svg",
        "sequence": "10",
        "status": true,
        "access": "metro@metro.com",
        "customhtml": "",
        "mobileCheck": false,
        "mobileKeyRef1": "",
        "mobileKeyRef2": ""
    },
    "columns": [
        [
            "Warehouse",
            "typeahead-option-5bc5ee9c9816e4001331050b;_Warehouse",
            "Editable"
        ],
        [
            "Assembly ID",
            "typeahead-option-5bc5ee9c9816e4001331050b;_Assembly_ID",
            "Editable"
        ],
        [
            "Customer",
            "typeahead-option-5bc5ee9c9816e4001331050b;_Customer",
            "Editable"
        ],
        [
            "Item",
            "Text",
            "Editable"
        ],
        [
            "Output Qty",
            "Number",
            "Editable"
        ],
        [
            "Quantity Pending",
            "Number",
            "Editable"
        ],
        [
            "Quantity Incoming",
            "Number",
            "Editable"
        ],
        [
            "UOM",
            "Text",
            "Editable"
        ],
        [
            "Number Of Recipe",
            "Number",
            "Editable"
        ],
        [
            "Number Of Available Recipe",
            "Number",
            "Editable"
        ],
        [
            "Status",
            "Text",
            "Editable"
        ],
        [
            "Move To BIN",
            "typeahead-option-5b95ced513eb1400144ec060;_Bin_ID;_Item_Quantity,_UOM_Capacity",
            "Editable"
        ],
        [
            "Move To ASSEMBLY",
            "typeahead-option-5b95cf5613eb1400144ec066;_Assembly_ID",
            "Editable"
        ],
        [
            "Move To STAGING",
            "typeahead-option-5b95cd81f42537001483d2f1;_Staging_ID",
            "Editable"
        ],
        [
            "Qty To Move",
            "Number",
            "Editable"
        ],
        [
            "System Notes",
            "Text Area",
            "Computed"
        ]
    ],
    "__v": 0
}