{
"appId": "5b95cf5613eb1400144ec066",
    "_app": {
        "appId": "5b95cf5613eb1400144ec066",
        "caption": "Assembly",
        "image": "/img/ios-body.svg",
        "sequence": "9",
        "status": true,
        "access": "metro@metro.com",
        "customhtml": "",
        "mobileCheck": false,
        "mobileKeyRef1": "",
        "mobileKeyRef2": ""
    },
    "columns": [
        [
            "Assembly ID",
            "typeahead-option-5b95cf5613eb1400144ec066;_Assembly_ID",
            "Editable"
        ],
        [
            "Customer",
            "typeahead-option-5b95cf5613eb1400144ec066;_Customer",
            "Editable"
        ],
        [
            "Warehouse",
            "typeahead-option-5b95cf5613eb1400144ec066;_Warehouse",
            "Editable"
        ],
        [
            "Item",
            "typeahead-option-5b95cf5613eb1400144ec066;_Item",
            "Editable"
        ],
        [
            "Quantity",
            "Number",
            "Editable"
        ],
        [
            "UOM",
            "Text",
            "Editable"
        ],
        [
            "Component Item",
            "typeahead-option-5b95cf5613eb1400144ec066;_UOM",
            "Editable"
        ],
        [
            "Component Quantity",
            "Number",
            "Editable"
        ],
        [
            "Component UOM",
            "Text",
            "Editable"
        ],
        [
            "Status",
            "Text",
            "Editable"
        ],
        [
            "Supply Qty",
            "Number",
            "Editable"
        ],
        [
            "Supply UOM",
            "Text",
            "Editable"
        ],
        [
            "Used Qty",
            "Number",
            "Editable"
        ],
        [
            "Unused Qty",
            "Number",
            "Editable"
        ],
        [
            "flag",
            "Text",
            "Editable"
        ],
        [
            "UOM Conversion Ratio",
            "Number",
            "Editable"
        ],
        [
            "New Supply Qty",
            "Number",
            "Computed"
        ],
        [
            "New Supply UOM",
            "Text",
            "Computed"
        ]
    ],
    "__v": 0
}