{
"appId": "5b95cb2ef42537001483d2e5",
"_app": {
    "appId": "5b95cb2ef42537001483d2e5",
    "caption": "Cargo",
    "image": "/img/add-documents.svg",
    "sequence": "2",
    "status": true,
    "access": "metro@metro.com",
    "customhtml": "",
    "mobileCheck": false,
    "mobileKeyRef1": "",
    "mobileKeyRef2": ""
},
"columns": [
    [
        "Reference No",
        "typeahead-option-5b95cb2ef42537001483d2e5;_Reference_No",
        "Editable"
    ],
    [
        "Status",
        "typeahead-option-5b95cb2ef42537001483d2e5;_Status",
        "Editable"
    ],
    [
        "Last Content",
        "typeahead-option-5b95cb2ef42537001483d2e5;_Last_Content",
        "Editable"
    ],
    [
        "Remarks",
        "Text Area",
        "Editable"
    ],
    [
        "Vehicle Plate No",
        "typeahead-option-5b95cb2ef42537001483d2e5;_Vehicle_Plate_No",
        "Editable"
    ],
    [
        "Current Location",
        "typeahead-option-5b95cb2ef42537001483d2e5;_Current_Location",
        "Editable"
    ],
    [
        "Assigned Staging",
        "typeahead-option-5b95cb2ef42537001483d2e5;_Assigned_Staging",
        "Editable"
    ],
    [
        "Pending Transaction Count",
        "Number",
        "Editable"
    ]
],
"__v": 0
}