{
    "appId": "5be38ee8d5837100135459ca",
    "_app": {
        "appId": "5be38ee8d5837100135459ca",
        "caption": "Consumables",
        "image": "/img/ios-basket.svg",
        "sequence": "20",
        "status": true,
        "access": "metro@metro.com",
        "customhtml": "",
        "mobileCheck": false,
        "mobileKeyRef1": "",
        "mobileKeyRef2": ""
    },
    "columns": [
        [
            "Item Name",
            "Text",
            "Computed"
        ],
        [
            "Name of Receiver",
            "Text",
            "Computed"
        ],
        [
            "Date and Time Made Available",
            "Date",
            "Computed"
        ],
        [
            "Activity Reference",
            "Text",
            "Computed"
        ],
        [
            "Quantity",
            "Number",
            "Editable"
        ],
        [
            "UOM",
            "Text",
            "Computed"
        ],
        [
            "Status",
            "selection-option-Accepted; Returned In Good Order; Returned Damaged",
            "Editable"
        ],
        [
            "Qty Accepted",
            "Number",
            "Computed"
        ],
        [
            "Qty Ret Good Order",
            "Number",
            "Computed"
        ],
        [
            "Qty Ret Damaged",
            "Number",
            "Computed"
        ],
        [
            "Partner ID",
            "Text",
            "Computed"
        ]
    ],
    "__v": 0
}