{
    "appId": "5b95ca93f42537001483d2e3",
    "_app": {
        "appId": "5b95ca93f42537001483d2e3",
        "caption": "Customer Order",
        "image": "/img/ios-chatbubbles.svg",
        "sequence": "2",
        "status": true,
        "access": "metro@metro.com",
        "customhtml": "",
        "mobileCheck": false,
        "mobileKeyRef1": "",
        "mobileKeyRef2": ""
    },
    "columns": [
        [
            "Reference No",
            "Text",
            "Computed"
        ],
        [
            "Customer",
            "typeahead-option-5be04672769adb001326e13b;_Customer_Name;_Address,_Email,_Primary_Phone,_Customer_ID,_Customer_Code",
            "Editable"
        ],
        [
            "Pickup Address",
            "typeahead-option-5b95ca93f42537001483d2e3;_Pickup_Address",
            "Editable"
        ],
        [
            "Delivery Address",
            "typeahead-option-5b95ca93f42537001483d2e3;_Delivery_Address",
            "Editable"
        ],
        [
            "Remarks",
            "Text Area",
            "Editable"
        ],
        [
            "Item",
            "typeahead-option-5bb4c4cf2429aa001329b3ce;_Item_Name;_Quantity,_Reorder_Point,_UOM",
            "Editable"
        ],
        [
            "Quantity",
            "Number",
            "Editable"
        ],
        [
            "Quantity To Pickup",
            "Number",
            "Editable"
        ],
        [
            "Quantity OK",
            "Number",
            "Editable"
        ],
        [
            "Quantity in DR",
            "Number",
            "Editable"
        ],
        [
            "UOM",
            "typeahead-option-5b95ca93f42537001483d2e3;_UOM",
            "Editable"
        ],
        [
            "Status",
            "selection-option-Pending; For Pickup; Completed",
            "Editable"
        ]
    ],
    "__v": 0
}