{
    "appId": "5b95d09113eb1400144ec06d",
    "_app": {
        "appId": "5b95d09113eb1400144ec06d",
        "caption": "Customer Delivery Receipt",
        "image": "/img/Life/offset.svg",
        "sequence": "7",
        "status": true,
        "access": "metro@metro.com",
        "customhtml": "",
        "mobileCheck": false,
        "mobileKeyRef1": "",
        "mobileKeyRef2": ""
    },
    "columns": [
        [
            "Reference No",
            "typeahead-option-5b95d09113eb1400144ec06d;_Reference_No",
            "Editable"
        ],
        [
            "Reference DR",
            "typeahead-option-5b95d09113eb1400144ec06d;_Reference_DR",
            "Editable"
        ],
        [
            "Customer",
            "typeahead-option-5b95d09113eb1400144ec06d;_Customer",
            "Editable"
        ],
        [
            "Delivery Address",
            "typeahead-option-5b95d09113eb1400144ec06d;_Delivery_Address",
            "Editable"
        ],
        [
            "Remarks",
            "Text Area",
            "Editable"
        ],
        [
            "Item",
            "typeahead-option-5b95d09113eb1400144ec06d;_Item",
            "Editable"
        ],
        [
            "Quantity Available",
            "Number",
            "Editable"
        ],
        [
            "Quantity For Delivery",
            "Number",
            "Editable"
        ],
        [
            "UOM",
            "typeahead-option-5b95d09113eb1400144ec06d;_UOM",
            "Editable"
        ],
        [
            "Payment Due",
            "Number",
            "Editable"
        ],
        [
            "Payment Received",
            "Number",
            "Editable"
        ],
        [
            "Payment Remitted",
            "Number",
            "Editable"
        ],
        [
            "Vehicle ID",
            "typeahead-option-5b95d09113eb1400144ec06d;_Vehicle_ID",
            "Editable"
        ],
        [
            "Cargo No",
            "typeahead-option-5b95d09113eb1400144ec06d;_Cargo_No",
            "Editable"
        ],
        [
            "DR Details",
            "typeahead-option-5b95d09113eb1400144ec06d;_DR_Details",
            "Editable"
        ],
        [
            "COD Picture",
            "Image Upload",
            "Editable"
        ],
        [
            "COD Signature",
            "Signature Pad",
            "Editable"
        ],
        [
            "Status",
            "typeahead-option-5b95d09113eb1400144ec06d;_Status",
            "Editable"
        ]
    ],
    "__v": 0
}