{
    "appId": "5be272078c3bf00013673538",
    "_app": {
        "appId": "5be272078c3bf00013673538",
        "caption": "Equipment Concerns",
        "image": "/img/question.jpg",
        "sequence": "17",
        "status": true,
        "access": "metro@metro.com",
        "customhtml": "",
        "mobileCheck": false,
        "mobileKeyRef1": "",
        "mobileKeyRef2": ""
    },
    "columns": [
        [
            "Subject",
            "Text",
            "Editable"
        ],
        [
            "Description",
            "Text Area",
            "Editable"
        ],
        [
            "Concern ID",
            "Text",
            "Computed"
        ]
    ],
    "__v": 0
}