{
    "appId": "5be27a3db711f90013921e35",
    "_app": {
        "appId": "5be27a3db711f90013921e35",
        "caption": "Help Desk Ticket Details",
        "image": "/img/ios-list-box.svg",
        "sequence": "14",
        "status": true,
        "access": "Helpdesk_met001@gmail.com;Account_met001@gmail.com;metro@metro.com;Partner_met001@gmail.com",
        "customhtml": "",
        "mobileCheck": false,
        "mobileKeyRef1": "",
        "mobileKeyRef2": ""
    },
    "columns": [
        [
            "Ticket ID",
            "Text",
            "Computed"
        ],
        [
            "Contact Person",
            "Text",
            "Computed"
        ],
        [
            "Details of Concern",
            "Text Area",
            "Computed"
        ],
        [
            "Address",
            "Text Area",
            "Editable"
        ],
        [
            "Date Issued",
            "Date",
            "Editable"
        ],
        [
            "Date Closed",
            "Date",
            "Editable"
        ],
        [
            "Activity Needed",
            "typeahead-option-5be27a3db711f90013921e35;_Activity_Needed",
            "Editable"
        ],
        [
            "Status",
            "typeahead-option-5be27a3db711f90013921e35;_Status",
            "Editable"
        ],
        [
            "Inventory Required",
            "typeahead-option-5bb4c4cf2429aa001329b3ce;_Item_Name;_Quantity",
            "Editable"
        ],
        [
            "Qty Required",
            "Number",
            "Editable"
        ],
        [
            "Qty On Hand",
            "Number",
            "Computed"
        ],
        [
            "UOM",
            "Text",
            "Computed"
        ],
        [
            "Amount Paid",
            "Number",
            "Editable"
        ],
        [
            "Date Paid",
            "Date",
            "Editable"
        ],
        [
            "Amount Remitted",
            "Number",
            "Editable"
        ],
        [
            "Servicing Personnel",
            "typeahead-option-5be27a3db711f90013921e35;_Servicing_Personnel",
            "Editable"
        ],
        [
            "Add New Activity",
            "selection-option-Create New Activity Under This Ticket",
            "Editable"
        ],
        [
            "OpenTicketDetail",
            "Number",
            "Computed"
        ],
        [
            "Partner ID",
            "Text",
            "Computed"
        ]
    ],
    "__v": 0
}