{
    "appId": "5be23e5a0fde630013ae04b8",
    "_app": {
        "appId": "5be23e5a0fde630013ae04b8",
        "caption": "Payments",
        "image": "/img/logo-usd.svg",
        "sequence": "16",
        "status": true,
        "access": "metro@metro.com;Account_met001@gmail.com;Partner_met001@gmail.com",
        "customhtml": "",
        "mobileCheck": false,
        "mobileKeyRef1": "",
        "mobileKeyRef2": ""
    },
    "columns": [
        [
            "Partner Code",
            "Text",
            "Editable"
        ],
        [
            "Partner Name",
            "Text",
            "Editable"
        ],
        [
            "Amount Due",
            "Number",
            "Editable"
        ],
        [
            "Payment Method",
            "selection-option-Cash; Bank Deposit; PDC",
            "Editable"
        ],
        [
            "Date of Check",
            "Date",
            "Editable"
        ],
        [
            "Date of Payment",
            "Date",
            "Editable"
        ],
        [
            "Payment Type",
            "selection-option-Receivable; Payable",
            "Editable"
        ],
        [
            "Reference Transaction No",
            "Text",
            "Computed"
        ],
        [
            "Notes",
            "Text Area",
            "Editable"
        ],
        [
            "Payment Record No",
            "Text",
            "Computed"
        ]
    ],
    "__v": 0
}