{
    "appId": "5b95ca9cf42537001483d2e4",
    "_app": {
        "appId": "5b95ca9cf42537001483d2e4",
        "caption": "Pickup",
        "image": "/img/Life/trip.svg",
        "sequence": "4",
        "status": true,
        "access": "metro@metro.com",
        "customhtml": "",
        "mobileCheck": false,
        "mobileKeyRef1": "",
        "mobileKeyRef2": ""
    },
    "columns": [
        [
            "Reference No",
            "typeahead-option-5b95ca9cf42537001483d2e4;_Reference_No",
            "Editable"
        ],
        [
            "CO No",
            "Text",
            "Computed"
        ],
        [
            "Customer",
            "typeahead-option-5b95ca9cf42537001483d2e4;_Customer",
            "Editable"
        ],
        [
            "Pickup Address",
            "typeahead-option-5b95ca9cf42537001483d2e4;_Pickup_Address",
            "Editable"
        ],
        [
            "Delivery Address",
            "typeahead-option-5b95ca9cf42537001483d2e4;_Delivery_Address",
            "Editable"
        ],
        [
            "Remarks",
            "Text Area",
            "Editable"
        ],
        [
            "Item",
            "typeahead-option-5b95ca9cf42537001483d2e4;_Item",
            "Editable"
        ],
        [
            "Quantity To Pickup",
            "Number",
            "Editable"
        ],
        [
            "Quantity Picked Up",
            "Number",
            "Editable"
        ],
        [
            "UOM",
            "typeahead-option-5b95ca9cf42537001483d2e4;_UOM",
            "Editable"
        ],
        [
            "Vehicle ID",
            "typeahead-option-5b95cca5f42537001483d2ed;_Plate_No",
            "Editable"
        ],
        [
            "Cargo No",
            "typeahead-option-5b95cb2ef42537001483d2e5;_Reference_No",
            "Editable"
        ],
        [
            "Status",
            "selection-option-Ready; In Transit; Picked Up; Done; Completed",
            "Editable"
        ],
        [
            "Staging ID",
            "typeahead-option-5b95cd81f42537001483d2f1;_Staging_ID",
            "Editable"
        ]
    ],
    "__v": 0
}