{
    "appId": "5bc5ebf69816e40013310508",
    "_app": {
        "appId": "5bc5ebf69816e40013310508",
        "caption": "Product UOM Conversion",
        "image": "/img/md-undo.svg",
        "sequence": "10",
        "status": true,
        "access": "metro@metro.com",
        "customhtml": "",
        "mobileCheck": false,
        "mobileKeyRef1": "",
        "mobileKeyRef2": ""
    },
    "columns": [
        [
            "Customer",
            "typeahead-option-5b95ca93f42537001483d2e3;_Customer",
            "Editable"
        ],
        [
            "Item",
            "typeahead-option-5b95ca93f42537001483d2e3;_Item",
            "Editable"
        ],
        [
            "UOM",
            "Text",
            "Editable"
        ],
        [
            "Ratio",
            "Number",
            "Editable"
        ]
    ],
    "__v": 0
}