{
    "appId": "5be23c190fde630013ae04b4",
    "_app": {
        "appId": "5be23c190fde630013ae04b4",
        "caption": "Service Partners",
        "image": "/img/Life/delegate.svg",
        "sequence": "15",
        "status": true,
        "access": "Helpdesk_met001@gmail.com;Account_met001@gmail.com;metro@metro.com",
        "customhtml": "",
        "mobileCheck": false,
        "mobileKeyRef1": "",
        "mobileKeyRef2": ""
    },
    "columns": [
        [
            "Partner Unique Code",
            "typeahead-option-5be23c190fde630013ae04b4;_Partner_Unique_Code",
            "Editable"
        ],
        [
            "Partner Official Name",
            "Text",
            "Editable"
        ],
        [
            "Contact Details",
            "Text Area",
            "Editable"
        ],
        [
            "Area of Coverage",
            "typeahead-option-5be2419d0fde630013ae04be;_Service_Area_Code;_Country,_ZIP_Code,_Region,_Province,_City,_Street_Name",
            "Editable"
        ],
        [
            "Status",
            "selection-option-Active; Blocked; Suspended; Priority; Partnership Expired",
            "Editable"
        ],
        [
            "Partnership Expiration Date",
            "Date",
            "Editable"
        ],
        [
            "Number of Ongoing Calls",
            "Number",
            "Editable"
        ],
        [
            "Average Customer Feedback",
            "Number",
            "Editable"
        ]
    ],
    "__v": 0
}