{
    "appId": "5b95cd81f42537001483d2f1",
    "_app": {
        "appId": "5b95cd81f42537001483d2f1",
        "caption": "Staging",
        "image": "/img/ios-color-filter.svg",
        "sequence": "5",
        "status": true,
        "access": "metro@metro.com",
        "customhtml": "",
        "mobileCheck": false,
        "mobileKeyRef1": "",
        "mobileKeyRef2": ""
    },
    "columns": [
        [
            "Customer",
            "typeahead-option-5b95cd81f42537001483d2f1;_Customer",
            "Editable"
        ],
        [
            "Delivery Address",
            "typeahead-option-5b95cd81f42537001483d2f1;_Delivery_Address",
            "Editable"
        ],
        [
            "Item",
            "typeahead-option-5b95cd81f42537001483d2f1;_Item",
            "Editable"
        ],
        [
            "Quantity Pending",
            "Number",
            "Editable"
        ],
        [
            "Quantity Processed",
            "Number",
            "Editable"
        ],
        [
            "Quantity",
            "Number",
            "Editable"
        ],
        [
            "UOM",
            "typeahead-option-5b95cd81f42537001483d2f1;_UOM",
            "Editable"
        ],
        [
            "Warehouse",
            "typeahead-option-5b95cd81f42537001483d2f1;_Warehouse",
            "Editable"
        ],
        [
            "Staging ID",
            "typeahead-option-5b95cd81f42537001483d2f1;_Staging_ID",
            "Editable"
        ],
        [
            "Bin Store",
            "typeahead-option-5b95cd81f42537001483d2f1;_Bin_Store",
            "Editable"
        ],
        [
            "Assembly Store",
            "typeahead-option-5b95cd81f42537001483d2f1;_Assembly_Store",
            "Editable"
        ],
        [
            "Stage Transfer",
            "typeahead-option-5b95cd81f42537001483d2f1;_Stage_Transfer",
            "Editable"
        ],
        [
            "Status",
            "typeahead-option-5b95cd81f42537001483d2f1;_Status",
            "Editable"
        ]
    ],
    "__v": 0
}